Time:,0:00:52.498989,Size:,9,Cores:,4,CPU:,Intel(R) Core(TM) i7-8700K CPU @ 3.70GHz
MSE,H1,H2,Epochs,Batch size,Learning rate
0.03621875756731653,2,4,40,80,0.0001
0.03431385191529125,2,4,40,80,0.001
0.07377718213894938,2,4,40,80,0.01
0.03706495952612703,2,4,80,80,0.0001
0.02322558007590277,2,4,80,80,0.001
0.09149136538452546,2,4,80,80,0.01
0.035896160749528956,2,4,120,80,0.0001
0.03668720259254706,2,4,120,80,0.001
0.05771430570334543,2,4,120,80,0.01
