Time:,0:00:21.316308,Size:,5,CPU:,Intel(R) Core(TM) i7-8700K CPU @ 3.70GHz
MSE,HN,Epochs,Batch Size,Learning rate
0.08256717026233673,20,334,54,0.04382900112681075
0.0483078807592392,16,217,280,0.015148632864048921
0.0373101606965065,12,60,242,0.06053608979676175
0.08072754740715027,19,368,279,0.05789777197662248
0.10456661134958267,13,172,161,0.015707381038708938
